policy_id,age,vehicle_price,annual_premium,claim_amount,accident_severity,past_claims,policy_tenure_months,fraud_reported
1,56,1437715,57877,74964,1,4,104,0
2,69,1429024,21163,168509,0,4,80,0
3,46,1154480,58728,119006,1,1,31,0
4,32,435659,10782,50583,0,4,53,0
5,60,589678,27641,38392,0,2,106,0
6,25,1054016,23792,7461,0,1,25,0
7,38,1353113,54492,100123,0,2,44,0
8,56,1064909,40585,10516,0,1,12,0
9,36,441983,35682,148586,1,4,90,0
10,40,988260,52864,121251,0,2,101,1
11,28,1250493,23880,167340,0,2,112,0
12,28,482762,43067,167860,2,2,97,0
13,41,986275,47685,192121,0,1,92,0
14,70,771650,23073,62493,0,3,9,0
15,53,482272,41035,36027,1,4,12,0
16,57,585925,42174,93547,2,2,69,0
17,41,966641,29837,173921,1,5,54,0
18,20,914743,22826,100127,1,3,116,0
19,39,789833,29981,148930,2,5,54,0
20,70,1330756,15382,79003,0,4,28,0
21,19,603081,9437,183467,2,4,56,0
22,41,1119723,10435,39758,0,2,99,0
23,61,501953,29819,54312,2,2,69,0
24,47,578892,41875,68670,0,1,98,0
25,55,205287,36982,82279,1,3,110,0
26,19,1257088,38328,15434,0,3,98,0
27,38,856702,17329,195119,1,2,77,0
28,50,1357448,30169,178847,0,4,103,0
29,29,293070,26932,75769,2,2,106,0
30,39,822117,39594,66677,2,4,109,0
31,61,1144118,16421,83555,0,4,112,0
32,42,1211293,50033,128379,2,2,58,0
33,66,1290654,12629,176806,1,0,78,0
34,44,807812,13325,101665,1,3,75,0
35,59,427645,57290,171675,0,5,42,0
36,45,986667,33495,68803,0,4,38,0
37,33,1375885,36750,170404,0,4,68,1
38,32,1088266,34619,91703,0,0,53,0
39,64,546699,45461,21312,2,5,33,0
40,68,586594,13264,175251,0,1,71,0
41,61,972608,17686,117961,2,0,56,0
42,72,1292501,51484,40379,0,5,105,0
43,69,1244027,29226,17297,0,0,72,0
44,74,337023,11721,2011,1,4,101,1
45,20,1335964,25609,120234,2,3,51,0
46,54,732295,57130,44014,0,0,74,0
47,68,258596,12373,142810,0,1,43,0
48,24,1148027,43675,94333,0,2,15,0
49,38,551005,53895,178570,0,5,38,0
50,26,1073172,33937,11120,0,0,15,0
51,56,722244,10656,139839,0,0,5,0
52,35,879290,13984,22852,0,1,93,0
53,21,699097,34984,79239,1,3,83,0
54,42,849789,58411,132001,0,0,54,1
55,31,1396632,13286,91575,0,0,51,0
56,67,1262636,10901,95040,0,3,10,0
57,26,1029735,36552,148510,1,1,12,0
58,43,1438855,30709,179587,2,5,118,0
59,70,930406,36055,5744,0,5,4,0
60,19,1288287,42685,173489,1,0,95,0
61,37,1391602,13429,138141,0,3,18,0
62,45,535484,19716,42359,0,0,80,0
63,64,665317,53563,150871,0,2,104,0
64,24,1189024,16138,98746,0,5,36,0
65,61,418134,40298,120906,1,4,25,0
66,25,1351550,56112,7597,2,2,87,0
67,64,1398222,28429,47093,0,0,76,0
68,52,1398744,55200,168298,1,1,98,0
69,31,889376,10772,114650,1,5,36,0
70,34,638774,53244,157489,0,4,101,0
71,53,711937,56681,149765,0,2,67,0
72,67,611597,53519,120956,0,5,9,0
73,57,1114228,40732,115598,0,3,61,0
74,21,1153959,44905,184233,0,1,53,0
75,19,292263,22347,133241,0,2,18,0
76,23,1121522,21920,153124,0,3,43,0
77,71,1053938,36822,8036,1,0,35,0
78,59,1472386,51659,31778,1,3,63,0
79,21,1345222,45108,158806,3,2,119,0
80,71,545266,28563,154245,0,2,98,0
81,46,680703,12967,161475,1,0,105,0
82,35,1174323,50183,197393,2,3,78,0
83,43,543054,16871,137416,1,3,4,0
84,61,1106862,33763,18800,0,0,93,0
85,51,1307955,16916,25372,1,3,41,0
86,27,1273629,13734,61516,0,5,45,1
87,53,298723,38613,20538,0,0,50,0
88,31,775644,33179,63918,0,1,79,0
89,48,1053088,59929,146045,1,2,28,0
90,65,1280730,57188,71155,0,1,42,0
91,32,1462518,40262,59500,2,5,80,1
92,25,464480,17677,167647,1,5,76,0
93,31,481173,56871,173333,0,4,116,0
94,40,1045633,23268,110659,2,4,69,0
95,74,1280841,17330,27716,0,4,98,0
96,57,1491898,25733,134308,3,0,106,0
97,38,1234057,42947,146920,0,3,1,0
98,33,1423520,32286,2352,0,5,39,1
99,62,1403358,11610,133004,1,1,96,1
100,35,1320483,11430,76449,1,1,90,0
101,64,402967,44922,8556,1,1,17,0
102,70,264772,18828,86836,3,1,112,0
103,41,326108,47913,136570,1,4,91,0
104,43,1262958,36497,50098,1,1,88,0
105,42,1332867,44256,195458,2,3,35,0
106,62,563339,58889,112169,1,4,46,0
107,58,347550,41618,140641,0,1,42,0
108,46,1480626,54841,126060,2,0,118,0
109,32,632882,51332,187954,0,2,39,1
110,62,537827,31526,130544,1,2,90,1
111,18,1247843,59327,340,2,2,49,0
112,42,795603,35158,175021,1,4,62,0
113,24,588349,30032,82302,1,1,38,1
114,26,1262729,42846,193515,1,5,23,0
115,41,1226919,49936,138,0,5,22,0
116,18,1489349,34794,131430,2,5,4,0
117,61,1303894,10448,119619,0,4,49,0
118,25,594030,55331,85376,0,3,59,0
119,41,276077,33861,99931,0,0,73,0
120,28,1076906,33141,161726,0,0,68,0
121,68,333515,14074,156951,0,2,71,0
122,34,1193497,11406,81532,2,2,87,1
123,25,1455564,36823,55778,0,5,2,0
124,52,325885,28291,37772,0,5,49,0
125,52,1096209,46568,58478,0,2,88,0
126,50,741656,37003,195425,0,1,104,0
127,22,870688,51851,26762,1,3,119,0
128,59,388014,39406,144355,0,3,95,1
129,56,291751,59823,194994,0,3,111,0
130,58,430203,28312,170492,0,3,31,0
131,45,1013738,48108,55568,0,2,111,0
132,24,895275,6382,85090,0,0,40,0
133,26,1023651,39171,20219,0,2,48,0
134,25,1460527,46779,57169,1,3,51,1
135,29,395716,8292,74965,2,2,43,0
136,51,784567,46779,177912,0,3,98,0
137,50,515172,38187,175767,3,4,55,1
138,65,1090695,17411,84754,0,5,88,0
139,72,200126,42285,77988,0,0,49,0
140,40,1038761,57454,189414,3,4,90,0
141,41,1276208,20422,150023,0,1,80,0
142,54,700315,47468,132379,2,2,57,0
143,52,1358521,37371,80388,0,1,111,0
144,61,517320,10693,90768,0,2,77,0
145,57,1499445,38535,35428,0,5,15,0
146,39,941426,56196,92021,1,4,27,0
147,44,698716,19818,118418,1,5,68,0
148,52,1243917,36238,170047,1,3,80,0
149,18,1423975,35874,132212,0,5,64,0
150,52,662120,31715,155914,0,5,94,0
151,54,1383445,32605,26421,0,3,108,0
152,64,378954,39317,1708,0,2,30,0
153,31,869078,36174,134702,2,3,36,0
154,20,1283136,14956,150667,0,4,67,0
155,18,484260,43908,76021,2,5,86,0
156,22,332717,15837,159380,2,3,113,0
157,43,1427171,8716,44789,0,5,86,0
158,72,848373,9481,186762,1,4,114,0
159,31,579862,29282,26086,0,1,114,1
160,56,694592,11548,16859,0,4,119,0
161,44,1348734,56445,7684,0,0,49,1
162,26,1417078,42605,91088,1,0,76,0
163,32,530388,12758,132279,0,0,55,0
164,32,518408,48668,46099,0,5,85,0
165,43,668276,28177,198568,0,2,56,1
166,59,1214920,29022,66093,0,2,68,0
167,30,257545,45761,160761,1,2,95,0
168,68,711411,10542,48651,1,5,44,1
169,49,1025656,30476,13893,0,4,31,0
170,56,1220020,35784,66418,0,2,58,0
171,66,1084377,27740,125074,1,1,87,0
172,69,213224,29817,103065,0,0,118,0
173,49,240738,52596,130351,1,4,53,0
174,21,1142654,21052,191083,0,0,84,0
175,47,1429336,40153,38635,0,2,79,0
176,54,1217433,52076,187187,0,4,23,0
177,40,666725,58420,95071,0,3,28,1
178,56,863937,5671,78518,1,1,16,0
179,62,1374737,5163,106233,0,2,37,0
180,32,1044193,46424,103651,1,2,21,0
181,60,498512,49002,72805,2,1,79,0
182,46,862143,58744,190026,0,1,17,0
183,53,766202,9795,159136,1,3,114,0
184,30,1450155,15634,122813,0,2,37,0
185,49,852026,9798,79063,0,5,77,0
186,24,1196530,27420,2454,1,2,19,0
187,68,971253,56507,20878,0,0,30,0
188,39,704471,34300,182170,1,4,45,0
189,45,1006388,29345,193226,0,4,18,0
190,19,1467543,15749,144063,1,0,78,0
191,59,583152,43595,68344,2,4,62,0
192,62,1154652,30121,104946,2,1,36,0
193,74,294270,42487,36593,1,4,100,0
194,70,1245482,33411,36304,1,4,84,0
195,23,1395889,38361,161458,1,0,52,0
196,45,358768,26223,186292,1,3,19,0
197,45,1495302,12394,113613,0,4,109,0
198,61,770451,19056,152155,0,5,44,0
199,61,219816,33380,18354,0,4,7,1
200,37,1167344,31035,22190,3,3,44,0
201,47,957907,35620,6142,0,0,117,0
202,28,514997,24877,159470,0,3,68,0
203,72,1404565,48404,183043,0,0,34,0
204,45,1455100,56824,41862,1,1,66,0
205,42,1238896,58352,184482,1,0,69,0
206,56,1400454,35911,150575,0,1,55,0
207,50,930880,37784,125438,0,1,10,0
208,18,981452,8191,48456,2,0,96,0
209,74,333554,38160,100167,0,5,42,1
210,44,651282,30000,82035,0,2,41,0
211,74,1342077,44040,8016,1,0,77,0
212,69,464223,54723,2384,2,4,103,0
213,30,1308252,8631,193392,0,5,69,0
214,58,1422108,11172,146144,1,5,10,0
215,20,797135,47080,102239,2,4,10,0
216,56,420178,28561,111431,0,2,102,0
217,23,1398097,29817,80018,3,5,91,1
218,25,626752,25281,40510,1,1,60,0
219,44,788365,33671,180005,1,2,51,0
220,26,1024690,56431,21826,1,4,21,0
221,54,903662,30364,68026,0,2,8,0
222,50,1386293,46674,121668,0,0,65,0
223,68,762288,32425,156590,0,2,92,0
224,59,500709,54927,24045,0,1,113,0
225,61,1143026,33602,181948,0,0,103,0
226,41,1434816,28253,90102,2,3,78,0
227,32,1327199,56399,51919,2,4,85,0
228,71,1217289,28472,99441,1,4,30,0
229,49,1107425,54230,158175,2,2,85,0
230,49,383675,13080,167260,1,5,49,0
231,41,852465,12099,136917,0,0,9,0
232,58,1465030,58078,167746,0,3,17,0
233,69,1198748,30431,118325,0,0,69,0
234,66,1358151,36186,19337,1,4,58,0
235,66,1233024,52684,153385,0,0,57,0
236,69,1456182,35111,158015,1,3,62,0
237,29,705815,44851,77949,0,5,95,0
238,56,276218,27614,276,1,2,52,0
239,19,787518,31724,51151,2,1,61,0
240,20,970044,46991,148683,1,0,40,0
241,66,649589,9940,143016,3,1,38,0
242,54,678446,57423,52887,2,4,43,0
243,66,662052,33758,81442,2,2,63,0
244,73,1288562,41224,49847,2,2,19,0
245,34,547739,12788,58653,2,0,100,0
246,66,672327,33082,56622,1,5,50,0
247,19,797794,29034,27810,0,2,33,0
248,19,234911,40479,77842,0,0,13,1
249,45,625037,16280,122225,1,0,78,0
250,71,930399,23052,10503,0,1,97,0
251,40,1178039,21531,84761,0,2,62,0
252,54,1099885,27804,168048,3,0,93,0
253,49,808746,33903,126439,2,1,43,0
254,50,1260751,49857,11590,2,3,49,0
255,18,1105667,15142,141958,0,1,36,1
256,36,516915,54517,143938,0,1,108,0
257,19,699876,53355,66624,0,0,10,0
258,70,811213,14866,199971,0,4,95,0
259,61,968734,9531,163864,0,4,6,0
260,43,1314934,50454,140836,0,5,57,0
261,49,247057,43098,120356,2,4,1,0
262,23,454726,43278,42727,1,1,71,0
263,49,478176,33138,78471,0,5,58,0
264,72,908754,32065,8068,0,0,91,0
265,21,1137583,34956,116923,0,2,21,0
266,72,1415868,46732,138367,0,1,92,0
267,28,344931,44261,172232,2,1,80,0
268,73,362491,15759,11390,0,5,56,0
269,34,601921,10439,106752,0,0,110,0
270,55,460910,52241,151203,0,3,87,0
271,41,1271812,47533,94754,0,1,116,0
272,22,287955,33270,75969,1,3,20,0
273,69,827433,18279,146110,1,3,102,0
274,51,1479361,44279,183399,1,4,54,0
275,23,1343490,49251,77064,0,0,25,0
276,39,407990,28888,21281,1,3,28,0
277,28,578387,22630,54189,1,0,5,0
278,65,738884,57991,48511,2,4,21,0
279,33,1196261,40144,122115,0,0,18,0
280,50,1442845,57161,8605,0,1,47,1
281,26,592417,36182,100318,1,3,70,0
282,23,1180020,30538,132453,1,0,57,0
283,33,338155,16824,197706,0,2,93,0
284,46,1369250,55979,19810,0,0,19,0
285,20,1106739,37125,155394,0,3,97,0
286,37,743351,11979,41869,2,4,65,0
287,53,267642,31189,32955,0,4,109,0
288,36,290093,47600,61388,2,3,3,0
289,43,417215,17504,10207,0,1,42,0
290,20,235954,25669,198700,2,1,21,0
291,36,1276432,11910,159292,2,4,99,0
292,37,726861,51857,22031,0,4,105,0
293,49,759655,39964,80807,2,3,40,0
294,24,695553,25131,71312,0,1,67,0
295,69,962092,30227,59766,2,4,25,0
296,58,1086040,10978,143521,1,1,109,0
297,50,522918,26991,89833,0,4,102,0
298,57,1272328,22153,187771,1,0,109,0
299,56,1041461,38548,111041,3,2,55,0
300,35,348757,47676,116185,0,5,84,0
301,57,316739,44071,177164,1,0,52,0
302,18,1486585,52454,194743,1,5,44,0
303,28,980316,8983,10350,2,4,109,0
304,45,1456556,14503,100859,0,2,98,0
305,74,536676,34921,68487,0,2,85,0
306,42,1214929,21905,148694,0,4,56,0
307,67,523412,50838,123853,1,4,55,0
308,40,685417,28953,53117,0,1,112,0
309,48,388456,31806,189466,2,4,87,0
310,47,755941,50000,101084,0,3,70,0
311,59,1406305,27168,23782,1,4,115,0
312,52,428504,9583,28454,0,3,117,0
313,24,852665,43714,67904,0,4,77,0
314,33,773044,59093,129936,0,1,113,0
315,43,1289385,54145,146664,0,3,87,0
316,65,916756,44896,153245,1,0,73,0
317,74,251226,16889,164276,2,3,81,0
318,69,699512,32413,166668,1,1,66,0
319,66,1277978,17275,165396,3,5,19,0
320,19,1252839,7461,122258,2,3,83,0
321,18,1240993,19291,111668,1,4,7,0
322,65,1426476,51804,192274,2,4,118,0
323,29,772212,16435,124184,1,5,63,0
324,22,536326,32935,161822,0,1,42,0
325,54,424137,38453,16566,1,2,42,0
326,49,1129168,23544,138262,0,4,59,0
327,72,563476,17258,38333,1,0,20,0
328,26,891757,35841,121929,1,1,73,1
329,58,590719,59493,89571,0,3,17,0
330,52,1349947,53758,120263,0,3,27,0
331,36,762997,54190,132661,2,0,47,0
332,65,1233578,15736,25235,1,4,2,0
333,33,1440768,42643,159,0,1,63,0
334,20,1398898,55408,143217,1,0,62,0
335,37,221172,48950,162993,1,4,100,1
336,41,735843,39964,104859,0,1,19,0
337,71,1196121,33044,147309,3,3,17,0
338,73,781780,44933,107507,1,1,69,0
339,50,908362,20997,139316,0,5,39,0
340,41,713319,19215,14743,2,2,82,0
341,69,980298,38069,46101,2,1,117,0
342,28,1076031,28911,121534,0,2,118,0
343,66,1470896,22030,84227,0,1,71,0
344,25,1259622,34334,187450,0,2,81,1
345,53,428071,19571,71126,1,5,39,0
346,55,578165,47719,56071,1,3,36,0
347,57,908662,33927,74763,1,4,40,1
348,37,616366,25714,143309,2,2,45,0
349,52,1212117,48541,146721,1,5,4,0
350,65,845188,28387,168785,0,2,102,0
351,42,615008,33444,176481,0,3,25,0
352,52,1454126,53908,179838,0,2,69,0
353,42,444883,24921,46154,0,5,30,0
354,46,1149491,18057,7016,1,5,76,0
355,35,871210,50268,179760,2,0,68,0
356,63,1129616,58710,89678,0,3,88,0
357,35,1370365,29858,112056,1,0,29,0
358,19,879418,53689,54238,1,3,73,0
359,71,900780,49638,58608,0,2,68,0
360,52,1314593,31062,89081,0,5,51,0
361,33,1426952,41850,162969,0,0,24,0
362,58,699137,51486,50961,0,2,14,0
363,53,856884,25567,199775,2,5,69,0
364,50,824712,34739,175829,0,3,18,0
365,21,893264,48285,26917,0,5,42,0
366,50,1041344,8754,153808,0,2,57,0
367,31,807847,32044,27990,3,0,83,0
368,38,1303913,6724,62551,0,0,12,0
369,65,1097048,6376,189233,0,5,82,0
370,37,1272930,13706,153512,0,2,17,0
371,73,1293762,13894,166277,0,1,30,0
372,25,752433,23037,80811,0,3,88,0
373,24,627236,23450,55103,1,3,75,0
374,20,940829,21406,172699,0,2,99,0
375,34,485195,56612,106122,0,1,23,0
376,50,775762,34725,19008,2,0,81,0
377,65,816036,10926,32402,0,4,1,0
378,29,1374571,44019,184456,0,4,79,0
379,68,1494266,14496,136865,0,2,32,1
380,39,993392,41068,136643,3,1,9,0
381,72,628988,34806,147281,0,1,15,0
382,39,380553,27663,113550,2,3,28,0
383,63,760696,46321,174220,1,0,24,1
384,47,1080438,41495,91218,0,5,60,0
385,55,519278,27656,133296,3,1,35,1
386,55,1400139,30860,179767,0,5,86,0
387,62,899983,54666,120779,0,4,27,0
388,68,593554,21832,129714,2,5,83,0
389,71,1451079,43787,32441,1,0,109,0
390,25,1391902,53231,170201,1,0,76,0
391,44,1259920,26727,62368,0,5,20,0
392,44,594966,47815,92122,0,2,65,1
393,51,305423,34545,44760,1,1,85,0
394,38,520197,49522,23478,0,2,49,0
395,47,664071,7520,127881,0,5,109,0
396,50,871256,8081,71854,0,1,1,0
397,45,386833,39196,94230,0,3,10,0
398,64,917912,41735,85716,2,2,47,0
399,50,975435,44213,143252,0,2,59,0
400,22,277454,19566,98538,3,5,96,1
401,65,1109164,19042,15372,0,4,62,0
402,36,1145439,30498,29796,1,5,103,0
403,21,237641,16329,189344,0,2,86,0
404,52,812121,36656,98826,0,1,18,0
405,66,518420,7159,120592,0,4,112,0
406,34,481685,42900,93635,0,5,46,0
407,61,1293389,56699,111022,0,5,32,0
408,45,864180,24363,54040,3,2,27,0
409,47,486214,52701,75357,1,2,92,0
410,46,1128626,48241,78356,0,3,18,0
411,63,542703,24033,16211,0,5,39,0
412,70,404615,15805,105426,0,2,49,0
413,23,599953,40851,5842,1,0,93,1
414,52,1171741,31832,194187,1,4,82,0
415,58,1038003,55189,66852,2,0,44,0
416,54,481570,18944,125737,0,4,72,0
417,41,1285841,24873,45968,0,5,54,0
418,46,1497897,45372,17508,0,3,95,0
419,66,266150,28928,153077,1,2,34,0
420,63,1338189,20379,54575,1,2,71,0
421,70,537054,56786,150043,1,2,36,1
422,48,321826,41751,156671,1,5,18,0
423,52,759723,39546,66914,0,4,38,0
424,50,650348,29286,67055,1,2,59,0
425,69,1458593,10110,87697,0,0,9,0
426,38,1199554,59341,106239,1,2,73,0
427,49,334055,17087,123106,0,5,110,0
428,40,690457,28762,5355,0,3,72,0
429,50,876022,55276,54120,2,0,51,0
430,20,1009942,22081,38342,2,2,35,0
431,35,896358,39947,2257,2,2,82,0
432,42,1342647,14596,27364,0,1,5,0
433,59,1041052,43019,156044,1,4,14,0
434,48,346389,47003,111715,0,0,92,0
435,71,469708,23313,26654,2,1,30,0
436,20,838112,52639,81423,0,3,4,0
437,57,1211727,6013,29320,3,4,39,0
438,63,454444,54378,20808,2,0,84,0
439,41,803561,28705,52389,1,2,64,0
440,67,1061291,6828,118581,0,0,25,0
441,49,411837,12909,127927,0,2,28,0
442,64,310017,43356,34773,2,4,76,0
443,39,323618,18109,182240,0,2,66,0
444,40,659297,7023,158819,2,3,107,0
445,19,1373917,59118,76396,0,5,78,1
446,44,1220154,19537,107692,0,2,22,0
447,59,1015862,31661,57505,2,3,31,0
448,19,752076,43659,85896,1,5,23,0
449,43,950865,38848,18135,1,4,48,0
450,34,641759,42804,90887,1,4,20,0
451,57,1082554,20379,122118,0,0,38,0
452,50,1093741,32766,47377,1,3,55,0
453,26,740659,48590,154626,0,3,68,0
454,60,622845,7563,62491,2,1,79,0
455,71,906544,41060,186693,2,1,88,0
456,65,524060,34197,58283,0,5,89,1
457,56,1441835,8586,16923,1,5,1,0
458,46,475128,21087,47591,1,1,7,0
459,59,1019471,53868,62261,0,5,57,0
460,72,809719,58583,54336,3,2,95,0
461,43,1070123,28225,74083,0,1,12,1
462,52,1045038,34750,60948,0,3,106,0
463,67,1089097,11643,164074,0,2,5,0
464,42,1429720,32523,26672,0,5,108,0
465,41,450195,41727,4213,1,4,50,0
466,30,1392324,16005,141365,1,0,42,0
467,24,232733,48543,186932,1,1,102,0
468,74,726338,5161,62507,1,4,12,0
469,53,309996,21029,57134,0,5,103,0
470,62,758221,54745,133172,0,3,18,0
471,37,749239,19226,193069,0,0,66,0
472,18,756701,33731,28172,0,4,74,0
473,25,1414449,48922,20132,1,0,79,0
474,63,1150417,49848,18199,0,1,94,0
475,33,1099005,8390,36609,0,5,108,0
476,31,1236580,10997,174037,0,3,17,0
477,29,633816,17693,139088,2,5,68,0
478,68,1470464,54815,170851,2,0,71,1
479,40,985332,47092,31881,1,4,62,0
480,32,967950,5541,24472,2,1,41,1
481,45,366472,26817,182885,1,1,95,0
482,51,597710,42861,167093,1,5,115,0
483,19,411760,18428,54131,0,4,119,0
484,49,322744,48934,155159,1,4,103,0
485,40,1291577,55019,12828,1,0,119,0
486,39,791652,53831,192682,1,5,34,0
487,68,1111420,15258,96664,1,5,70,0
488,42,1031460,21044,132473,0,2,114,0
489,39,438506,34411,15193,1,5,102,0
490,39,953019,10469,175936,2,1,45,0
491,66,630789,33854,151379,0,0,58,0
492,69,1110775,11256,102518,1,4,51,0
493,59,1112727,15720,19611,0,5,34,0
494,23,699722,38937,174863,1,0,44,0
495,32,758924,38598,143022,1,5,15,0
496,71,379352,6651,76240,0,4,78,0
497,60,1010694,55288,2745,1,3,70,0
498,54,393283,24194,55243,0,4,50,0
499,50,1172346,30051,3866,1,4,101,0
500,25,1115015,32386,163317,0,4,114,0
501,70,1198974,14518,175796,1,5,32,0
502,61,631413,51026,128681,0,2,67,0
503,61,526898,21184,71354,1,4,3,0
504,22,1151661,38787,51374,0,1,86,0
505,56,1063561,26621,114397,2,1,86,0
506,21,502186,15028,124577,2,0,74,0
507,23,1310241,17448,161188,3,2,51,0
508,62,1495160,50253,81029,1,0,67,0
509,49,1365529,39051,93574,1,1,76,0
510,69,676072,54811,151519,0,1,93,0
511,47,1226553,35447,30431,0,3,48,0
512,64,1435202,23394,148980,0,4,17,0
513,52,345271,39501,29336,1,1,7,0
514,72,318533,35254,40992,2,5,13,0
515,57,1168452,23509,55350,0,5,66,0
516,69,266262,56323,69561,2,0,4,0
517,33,1033032,53998,51955,1,0,10,1
518,30,276898,19472,61240,1,4,103,0
519,67,655699,50657,151165,0,4,88,0
520,59,1397945,8471,137227,0,3,17,0
521,47,754736,46796,46607,1,2,52,0
522,36,488316,59776,164559,1,0,6,0
523,34,1256233,35268,186740,0,4,83,0
524,73,677602,13329,152035,1,0,69,0
525,36,1144189,39865,181196,2,4,96,0
526,45,1239504,51850,52870,2,1,74,0
527,72,574999,59220,187619,2,0,9,0
528,43,207906,51698,64110,0,1,91,0
529,54,993719,33272,184626,0,0,77,0
530,43,1046936,47845,152008,1,2,83,0
531,70,915080,11397,116895,0,3,21,0
532,40,234701,37373,4426,0,5,24,0
533,26,1331876,40525,27606,0,5,102,0
534,29,965537,58072,178904,0,5,4,0
535,70,283560,29570,28151,0,1,24,0
536,18,442615,23284,11308,0,4,59,1
537,18,243642,23994,193594,0,5,99,0
538,64,717083,28284,176743,0,2,3,0
539,51,691036,22833,90306,1,5,68,0
540,49,527304,30122,106984,1,0,101,0
541,71,565464,10017,2204,1,1,40,0
542,65,813089,21370,92769,0,0,48,0
543,42,1342953,34252,87265,0,0,54,1
544,57,526916,12999,31131,1,0,35,0
545,62,512250,27436,52428,1,3,95,0
546,70,805409,47963,33870,0,3,56,0
547,18,1274135,7096,103547,0,4,108,0
548,33,1092027,53201,49067,2,1,89,0
549,56,758030,30279,189657,0,2,40,0
550,22,1056101,48363,112217,0,2,77,0
551,39,1383620,53709,152679,1,2,68,0
552,46,1360793,31201,156040,0,0,46,0
553,72,1092964,24715,98934,0,3,78,0
554,20,603119,34309,142980,0,1,13,0
555,29,858380,20078,157495,1,0,27,0
556,43,1335564,10105,74707,0,3,6,0
557,33,769936,57130,61215,0,3,17,0
558,68,325991,34312,186907,0,5,36,0
559,54,602732,7839,49429,2,5,104,0
560,39,706079,8384,82152,0,1,113,0
561,74,726684,48619,108048,3,1,99,0
562,46,1332658,47821,169530,0,1,81,0
563,31,328322,18493,177241,3,0,105,0
564,45,856951,22069,138731,2,4,2,1
565,22,211303,51907,191686,0,1,77,0
566,64,1410209,12531,77240,0,5,52,0
567,66,1498266,42051,163865,0,4,66,0
568,47,1209612,12736,113688,0,0,52,0
569,63,299616,12710,46473,1,4,92,0
570,69,1110597,6619,96762,0,2,43,0
571,22,1334807,18975,106956,0,4,90,0
572,29,469458,50603,118452,0,1,22,0
573,33,1268199,28252,186823,2,0,111,1
574,43,923035,20261,126311,0,1,107,0
575,43,690042,6431,185326,0,5,55,0
576,65,658298,14067,7006,0,2,67,0
577,38,1247343,42481,74218,2,5,99,0
578,56,305228,32037,196416,1,1,60,0
579,53,626346,14557,164912,0,1,58,0
580,50,1084056,14435,32430,0,1,12,0
581,47,1317850,42766,23091,0,3,88,0
582,54,1382117,5162,164055,0,2,69,0
583,40,1302523,39742,23989,2,1,84,0
584,27,1443268,24675,75451,1,1,103,0
585,71,248874,13461,18990,0,5,39,0
586,22,1323129,22015,90270,2,5,13,0
587,53,792632,55057,80360,0,1,41,0
588,51,909662,37591,36081,1,0,57,0
589,69,771926,33047,142105,2,3,53,0
590,48,1326825,39782,108272,0,5,109,1
591,27,727007,14833,16241,1,0,12,0
592,36,878250,12896,124932,0,3,13,0
593,49,670452,37972,5939,0,1,74,0
594,18,242534,54733,113000,0,2,97,0
595,73,695518,59827,178634,0,4,57,0
596,22,816529,46800,35063,1,4,40,0
597,62,612003,35508,158117,2,1,118,0
598,21,326209,10347,175841,1,5,80,0
599,33,642061,35314,47118,2,0,45,0
600,41,1437580,7643,84703,2,2,35,0
601,33,816412,45785,152697,0,3,3,0
602,72,364134,23681,128557,0,1,5,0
603,19,1324289,55026,27076,0,2,90,0
604,66,688972,43328,195877,1,2,11,0
605,45,1177965,20892,44605,2,5,71,0
606,49,1323994,52299,84565,0,3,117,0
607,44,1184176,22073,39121,1,2,56,0
608,37,1376808,41768,196173,1,5,10,0
609,41,720551,35682,31433,1,0,106,0
610,29,363038,37262,43309,0,5,116,0
611,67,1190049,36358,67468,0,0,34,0
612,52,1130491,19289,175326,0,0,67,0
613,50,1416959,54823,67293,0,2,72,0
614,50,458722,12927,96258,0,5,31,0
615,68,332079,53330,168925,1,0,75,0
616,60,402053,6171,38405,0,3,109,0
617,54,800530,59743,197724,2,2,71,0
618,29,1427165,16918,43527,0,5,109,0
619,20,1277833,46903,77227,1,5,66,0
620,18,680488,44110,131564,0,4,70,0
621,50,635423,55601,139883,1,5,41,0
622,57,1392929,16929,93344,2,2,63,0
623,27,523390,7539,155344,0,3,32,0
624,60,463579,41727,47153,0,5,20,1
625,61,1478523,50951,108042,1,4,57,0
626,46,1480334,27669,54110,0,2,98,0
627,30,1406308,10432,145051,0,0,50,0
628,29,1199701,25644,28328,0,1,80,0
629,48,1131011,23745,112911,0,1,25,0
630,63,338563,33228,12867,1,0,12,0
631,19,983066,57822,59234,0,5,71,0
632,68,905552,39521,25851,2,1,39,1
633,67,526032,36703,31279,1,1,17,0
634,52,797897,31928,73402,1,0,45,0
635,40,972800,23322,15449,1,5,11,0
636,34,1363950,27360,76221,2,5,70,0
637,43,749148,34055,89080,0,0,23,0
638,25,876555,47891,5451,2,5,91,0
639,46,801763,21376,87178,1,5,110,0
640,43,684090,11588,172388,1,2,70,0
641,27,1073698,30000,194136,1,2,38,0
642,43,876787,11304,63761,0,0,2,0
643,51,942406,12345,38870,0,3,86,0
644,68,1043804,34300,96566,1,1,84,0
645,58,848074,29259,123749,0,2,89,0
646,24,1161568,30470,123765,1,1,79,1
647,21,1280174,28017,124881,0,4,113,0
648,70,489226,20352,161945,0,0,93,0
649,67,1015673,38365,128389,0,3,72,1
650,62,427286,24446,189699,0,4,37,0
651,28,637785,7336,197227,0,4,49,0
652,46,1260321,14879,25372,0,5,52,0
653,73,1012461,37316,3642,3,4,33,0
654,53,1392673,38340,159073,1,0,22,0
655,42,432732,12521,34064,0,2,114,1
656,38,813474,11171,14122,1,0,111,0
657,74,1124044,28481,155892,2,2,5,0
658,53,1084200,23474,68431,1,4,103,0
659,27,413030,51760,55745,0,4,18,0
660,54,924238,49629,50081,2,3,38,0
661,26,1218652,50232,139783,1,2,118,0
662,41,348554,26008,149865,0,4,117,0
663,52,485555,6633,139271,0,5,37,0
664,66,644191,55669,76253,1,1,94,0
665,52,514451,17485,36191,0,3,115,0
666,65,1120597,48617,10211,2,0,95,0
667,53,972944,8648,111086,0,3,64,0
668,35,968747,52945,194141,2,1,10,0
669,66,424695,18140,187818,1,2,79,0
670,56,1084315,22921,152614,0,0,42,1
671,49,1301844,19357,162384,0,0,48,0
672,41,1461519,51136,176314,1,2,44,0
673,40,908691,8137,101971,1,3,82,0
674,49,773189,5097,93783,1,4,87,0
675,54,1443064,16407,125681,0,3,97,0
676,29,590530,35575,87893,0,1,16,0
677,66,862784,17722,186460,0,5,54,0
678,72,441531,17924,158763,1,4,102,0
679,30,1495269,8750,77960,0,3,35,0
680,40,1194465,32733,84388,0,5,98,0
681,42,1119484,13535,22601,1,5,28,0
682,52,903650,29487,149092,2,2,2,0
683,58,1486936,59565,139227,0,1,94,0
684,47,544855,35651,167849,0,1,13,0
685,34,1274961,9666,19710,1,1,41,0
686,66,631374,53777,108714,1,4,80,1
687,37,480783,21994,155604,0,0,59,0
688,65,1334106,6727,128727,2,4,69,1
689,42,483707,39622,149673,2,3,119,0
690,39,577816,15800,63227,0,5,92,0
691,30,1186420,42823,136039,0,5,53,0
692,36,545114,48039,84289,0,0,103,0
693,66,443373,23708,151094,1,3,45,0
694,53,547697,17819,174535,0,0,20,0
695,29,1410355,14369,5722,1,5,24,0
696,58,1418758,14283,158485,1,4,61,1
697,36,1246914,35573,81050,0,1,91,0
698,29,1156331,18171,83596,1,5,94,0
699,26,1486836,35933,66732,2,2,58,0
700,24,1123159,10774,143369,0,1,109,0
701,45,1171129,11519,68323,0,5,27,0
702,31,846701,15983,23816,0,4,26,0
703,48,986958,35932,40695,2,0,7,0
704,69,530904,35798,150774,3,1,42,0
705,36,1296413,23133,156314,0,4,47,0
706,64,718349,19939,55841,1,3,53,0
707,33,984838,5781,128498,0,2,59,0
708,70,997968,54050,198784,0,1,38,0
709,22,279083,32624,107096,0,0,69,1
710,52,758819,11823,92764,0,3,87,0
711,29,977147,23489,184646,0,4,92,0
712,42,1248382,58019,85744,1,2,98,0
713,69,854037,44961,28482,0,0,53,0
714,38,1238836,59128,9171,2,4,15,0
715,53,1041047,34118,100755,0,4,96,0
716,70,806791,39881,108125,0,1,26,0
717,40,809996,21280,130722,0,1,48,0
718,33,915472,27263,106082,1,0,95,0
719,74,1244244,18565,3696,0,5,19,0
720,56,978513,25354,126310,0,5,9,0
721,62,1406237,47951,151130,3,4,64,1
722,70,360081,30643,151385,0,1,93,0
723,59,588590,28648,19149,0,2,54,0
724,56,1093093,55729,130064,2,2,51,0
725,31,881503,46971,53521,0,4,39,0
726,48,1254730,23658,45740,0,1,4,0
727,22,877164,26253,106611,0,0,3,1
728,52,1159192,53563,136028,0,0,64,0
729,40,1312864,31390,66641,0,0,29,0
730,46,251195,28128,63811,0,2,116,0
731,60,482725,56578,183232,0,1,11,1
732,28,645864,18489,182385,0,1,97,0
733,35,492231,43314,63232,1,2,102,0
734,64,905290,37658,15417,0,0,58,0
735,29,364053,11852,155801,0,0,75,0
736,26,793586,34450,112492,2,4,27,0
737,27,1288075,7551,30099,1,5,97,0
738,61,645485,11411,161033,0,3,21,0
739,34,1493774,54159,143674,2,5,39,0
740,55,536585,56707,118474,0,1,95,0
741,24,222431,38243,9256,0,1,102,0
742,63,1443131,26800,34681,1,1,46,0
743,30,847008,15403,91328,0,5,66,0
744,57,773441,12239,195861,0,3,91,0
745,59,468512,11710,43361,0,4,36,0
746,26,1098792,26384,195575,0,5,75,0
747,67,376076,26038,34540,0,3,111,0
748,44,1468300,45846,157608,2,0,82,0
749,19,878758,27447,84700,0,0,65,0
750,22,953753,7285,194115,2,1,63,0
751,46,250861,42991,78532,1,2,99,0
752,54,1461553,18521,187647,2,1,35,0
753,55,851406,52657,127626,1,2,31,0
754,36,921001,11971,133943,1,3,28,0
755,25,209078,34139,46002,0,0,103,0
756,65,524912,24909,49812,0,5,1,0
757,62,1058058,16531,153698,0,2,25,0
758,18,1044092,19721,191051,2,3,43,0
759,39,1167290,24206,108946,2,0,102,0
760,69,415048,42711,66668,0,5,84,0
761,34,960581,11530,99003,0,2,67,1
762,24,1116838,16116,42998,0,1,63,0
763,42,849438,5258,194886,1,1,51,0
764,62,1405663,5282,104601,0,1,2,0
765,21,233320,18937,176679,1,3,82,1
766,53,527025,6898,7812,3,1,108,0
767,23,815115,9135,61844,0,4,64,0
768,48,564359,11629,133251,0,0,74,0
769,36,1143793,48936,174870,0,3,69,0
770,61,1143187,24584,74601,0,5,9,0
771,71,606845,59262,139347,0,1,2,0
772,56,300734,28551,181646,0,0,34,0
773,44,357702,38380,47857,2,2,60,0
774,27,954122,51971,125555,0,1,102,0
775,43,1425811,22071,20700,0,0,61,0
776,36,1347087,25074,170536,2,4,31,0
777,56,1183939,30188,173423,1,2,10,0
778,20,806229,7307,93330,0,4,114,0
779,62,929497,44901,144941,1,5,76,0
780,30,298818,16205,191387,0,0,36,0
781,67,1173950,10906,152026,1,4,118,0
782,45,352360,7591,162627,1,5,85,0
783,37,819369,20149,63353,1,0,49,0
784,45,761165,49918,176098,0,0,111,0
785,25,573706,44951,100772,2,4,70,0
786,58,1132817,59400,178048,0,0,112,0
787,56,1460533,30150,91502,0,1,49,0
788,18,272715,36852,113943,0,0,3,1
789,20,341398,47870,109850,0,3,74,0
790,30,1381208,59260,45095,0,5,5,0
791,45,1065580,57756,145342,2,0,110,0
792,74,283186,54821,161980,2,3,90,0
793,66,1399670,58516,15523,0,0,61,0
794,42,794604,6283,62433,0,0,85,0
795,73,1276956,38691,178140,0,4,109,0
796,50,834486,6125,19991,0,1,90,0
797,55,464500,6529,10775,0,5,102,0
798,70,270326,31170,84995,2,1,108,0
799,23,1078879,13438,192322,0,2,26,0
800,61,839282,25095,147745,0,4,72,0
801,62,420971,21154,122808,0,4,5,0
802,49,1006481,13004,158128,2,1,15,0
803,62,1417060,14752,137686,1,4,16,0
804,64,1231519,48360,7415,2,1,1,0
805,38,989352,31819,174956,1,4,16,0
806,33,684410,41632,148036,0,0,37,0
807,71,425314,31515,168798,0,1,3,0
808,38,716998,29217,37044,1,1,52,0
809,28,1147531,28172,188221,0,3,47,0
810,54,665757,37994,168616,1,4,95,0
811,53,708062,20036,49976,0,4,13,1
812,52,332028,16739,163324,0,1,80,0
813,36,431447,37220,3832,0,0,55,0
814,37,1060563,54416,34148,1,0,107,0
815,74,1195843,14587,192312,1,5,21,0
816,35,826045,49517,112230,0,0,66,0
817,64,501207,35129,85076,0,4,54,0
818,58,466847,5645,184531,0,3,27,0
819,66,920488,35930,38402,0,1,38,1
820,31,796387,21299,188799,0,2,90,1
821,32,619065,35090,38578,0,3,58,0
822,48,887220,26953,90453,0,2,62,0
823,18,231585,57142,153390,0,3,102,0
824,70,1195043,51443,75715,0,0,46,0
825,71,489102,31475,111435,0,4,89,0
826,71,1162854,23888,151538,0,2,11,0
827,20,479922,48732,95742,0,3,72,0
828,33,900601,21087,45475,0,4,8,0
829,40,1290805,51305,60142,1,2,97,0
830,74,1335228,51037,157636,0,1,117,0
831,28,1114699,14346,153484,0,3,71,0
832,29,449474,5587,93526,0,1,64,0
833,27,1112935,17763,51001,1,0,102,0
834,49,460116,46945,57649,2,1,21,0
835,33,1071310,9079,192029,1,1,72,0
836,25,1144994,41116,166589,1,5,115,0
837,55,720985,25215,144228,0,3,118,0
838,29,219975,30817,154136,1,0,63,0
839,41,357795,29765,25711,1,1,85,0
840,45,1457949,35112,30106,0,4,64,0
841,70,1129065,30556,65458,0,2,20,0
842,25,1224939,23099,147661,0,1,8,0
843,45,1445709,48553,130429,2,0,58,0
844,53,1074829,50096,101754,0,1,46,0
845,43,1424613,11450,138286,1,2,31,0
846,25,588076,18230,126479,0,0,114,0
847,67,860008,34009,158199,0,3,93,0
848,45,890493,10433,136213,0,0,112,0
849,45,1168181,38866,28884,0,3,9,0
850,54,820347,44864,2708,2,0,15,0
851,58,1212092,23710,18375,1,2,94,0
852,53,822605,16439,15088,0,2,26,0
853,44,925495,46855,57615,2,0,10,1
854,71,301459,21021,110138,0,1,29,0
855,34,961985,11416,176118,3,2,118,0
856,26,400422,11980,10014,0,3,80,0
857,50,1350096,23058,195497,0,3,36,0
858,70,785560,16101,134345,0,4,84,0
859,37,947512,45718,178207,0,5,109,0
860,30,716123,37602,102842,0,5,118,0
861,45,526818,14122,161953,1,5,37,0
862,65,1236548,17576,78077,2,3,86,0
863,46,344832,32516,139784,1,4,71,0
864,30,352999,27433,52874,0,5,23,0
865,63,548619,6089,69087,0,5,41,0
866,52,261367,42346,12297,0,0,104,0
867,23,953315,14127,27128,0,0,93,0
868,35,605804,15487,68368,1,0,80,0
869,68,1108182,5155,78958,0,1,102,0
870,22,957038,6958,32920,0,5,28,0
871,64,1484382,15693,142228,0,1,48,0
872,42,1104586,44112,142180,3,4,38,0
873,19,1293314,43547,162917,0,3,31,0
874,27,757685,33795,133872,0,5,14,0
875,73,1242377,26447,173784,0,3,117,0
876,47,402332,41598,133682,0,0,97,0
877,67,582729,46814,77603,0,5,73,0
878,62,1360029,30215,33872,0,2,91,0
879,22,1268392,14794,10728,1,1,88,0
880,72,1159744,38209,95102,0,1,77,0
881,73,1123780,27424,122049,1,5,90,0
882,50,969299,52246,20583,3,0,29,0
883,71,1206080,42396,85774,1,1,51,0
884,18,571000,11370,138335,0,0,49,0
885,35,413567,14528,126374,0,4,43,0
886,49,795923,33276,198522,1,3,92,0
887,64,416184,55100,150528,1,2,92,0
888,66,498090,49333,91118,0,3,72,0
889,28,517348,13179,65942,1,3,87,0
890,38,1431534,53781,13689,0,4,93,0
891,43,1189156,21843,164006,0,1,5,0
892,42,292324,28952,33276,0,2,42,0
893,39,423536,58798,101968,0,1,7,0
894,44,226155,38160,150945,0,5,42,0
895,66,541815,49898,13050,1,3,36,0
896,30,660494,55939,66216,0,5,105,0
897,50,349381,34516,84040,0,0,27,0
898,51,1380267,15449,21644,0,3,58,0
899,58,643324,55290,62021,0,1,46,0
900,52,234707,26125,168197,0,3,66,0
901,18,1137841,12418,197971,1,0,25,0
902,38,946788,27746,42291,1,4,73,0
903,65,553299,7454,166132,1,5,117,0
904,72,1407068,57826,132610,1,5,27,0
905,23,370102,22761,167248,0,1,1,0
906,45,594274,20223,41520,0,3,87,0
907,34,417285,11701,25675,0,1,74,0
908,22,1408052,7597,149359,0,4,42,0
909,48,958842,5141,174,3,3,52,0
910,22,1222788,7659,92268,0,3,25,0
911,55,1409504,25980,34998,0,1,54,0
912,20,1050610,14031,184384,2,1,67,0
913,70,496141,20037,143184,2,0,6,0
914,40,1143115,51738,105410,1,4,58,0
915,54,1497076,43429,75225,0,0,70,0
916,70,1380887,11142,44814,0,5,53,0
917,54,445546,17109,85091,0,3,66,0
918,27,1445309,27010,50719,0,1,58,0
919,27,851233,13787,129887,0,3,82,0
920,36,1241592,47864,33919,0,3,87,0
921,34,346470,13472,73155,2,2,2,0
922,38,844318,54575,71569,0,5,76,0
923,31,1255146,28383,41328,1,2,22,0
924,26,530929,9249,24618,1,3,37,0
925,63,279141,52717,34675,0,1,20,0
926,18,212115,39518,18919,1,3,103,0
927,68,1287638,58909,4173,0,5,24,0
928,62,1009343,23351,109369,0,2,112,0
929,30,590479,9088,26400,1,1,84,0
930,21,1030185,58330,181517,0,3,65,0
931,18,597686,20282,70305,3,4,65,0
932,66,1370439,24330,168636,0,5,81,0
933,57,996657,47409,176886,1,5,1,0
934,49,847296,26778,88791,0,4,117,0
935,51,1225799,29264,159034,0,3,116,1
936,45,1000101,10075,70533,0,5,109,0
937,48,1244257,15412,187256,1,1,94,0
938,25,248320,53454,103591,2,3,105,0
939,56,1164918,33365,141650,2,3,111,0
940,43,696758,12230,131060,0,2,3,0
941,51,1395225,53200,149696,1,5,46,1
942,71,1373930,16002,39194,1,5,55,0
943,71,812297,18947,109903,1,4,75,0
944,20,648625,18686,131461,0,2,88,0
945,67,228625,34304,99303,1,2,86,0
946,29,936400,55683,113903,2,5,64,0
947,18,1285063,18074,67391,0,3,108,0
948,71,1476647,57142,144866,2,2,45,0
949,61,688011,9493,58002,1,4,26,0
950,22,1422471,55085,35531,0,2,77,1
951,47,630424,39228,183887,0,4,65,0
952,47,516205,19140,4986,0,2,24,0
953,74,1148163,56875,32298,0,4,74,0
954,34,1247328,36655,1481,2,2,35,0
955,65,301376,48472,56408,0,2,24,0
956,64,1033487,54437,121950,2,1,28,0
957,40,967629,54416,147907,2,4,100,0
958,32,358056,11816,125355,0,4,80,0
959,54,834457,16639,27798,2,4,104,0
960,38,760347,52192,91649,3,0,16,0
961,31,662785,51733,64887,1,2,59,0
962,19,1232766,34492,19477,1,4,81,0
963,28,729992,55914,148338,3,5,115,0
964,68,1178080,16240,127815,1,0,54,0
965,56,928744,37698,174598,0,1,79,0
966,55,942488,31957,127426,2,4,16,0
967,51,835567,37808,142961,1,4,15,0
968,55,882568,10827,24335,1,0,98,0
969,67,842804,37762,142326,0,2,11,0
970,51,722828,13259,86610,1,5,65,0
971,35,678366,55139,11442,0,1,79,0
972,47,921384,19849,46289,2,4,90,0
973,32,1157386,21232,53747,0,2,115,1
974,44,619139,45572,37327,0,5,68,0
975,68,719777,29173,147271,0,5,43,0
976,51,432549,59869,72827,0,1,69,0
977,69,684965,57350,106464,1,3,99,0
978,74,990546,10374,131184,2,5,13,0
979,55,1182469,26174,87051,2,3,10,0
980,50,236321,28567,150653,0,5,75,0
981,41,535441,40292,59722,0,1,82,0
982,32,1493590,14277,92036,2,0,98,0
983,47,356498,36600,147595,2,1,103,1
984,72,1266348,56631,66960,0,1,41,0
985,59,990144,14885,19552,0,0,106,0
986,68,594583,59306,141880,0,0,50,0
987,34,438389,5778,154692,2,2,87,0
988,22,839430,34165,887,1,5,71,0
989,46,1300500,6492,31802,0,2,59,0
990,21,1276299,35462,85024,0,0,39,0
991,27,958470,54812,118639,2,3,3,0
992,73,864468,55500,118248,0,3,76,0
993,34,408786,18615,81938,0,1,7,1
994,27,886684,49900,122746,1,4,49,0
995,34,1463008,47946,26049,0,1,26,0
996,37,1228400,12851,77789,0,1,33,0
997,41,1388575,21288,84526,2,4,101,0
998,22,1080112,12156,138918,2,5,48,0
999,51,558690,7044,46220,2,0,79,0
1000,23,1139947,12368,46163,2,3,2,0
1001,70,279973,24900,134837,1,1,105,0
1002,19,834122,35600,117126,2,4,71,0
1003,30,1248173,51403,81486,0,2,32,0
1004,60,487681,30634,176342,1,1,4,1
1005,60,694509,14168,75277,3,3,20,0
1006,65,425049,25961,104245,0,0,114,0
1007,28,366703,54879,122332,0,1,117,0
1008,68,964357,49096,22931,0,1,36,1
1009,64,947419,51087,89116,0,5,32,0
1010,74,1279924,28852,55633,0,4,28,0
1011,40,1444380,38110,51913,2,2,77,0
1012,72,335832,37174,94776,3,2,1,0
1013,33,483780,39215,25991,0,0,60,0
1014,48,1302127,31955,185917,0,3,56,0
1015,28,604772,11581,104092,0,0,35,1
1016,71,771107,49619,186384,2,1,112,0
1017,33,1208559,11317,141633,0,1,30,0
1018,25,620182,54678,147973,0,2,54,0
1019,21,1461357,47856,95556,0,3,36,0
1020,57,882347,50714,62875,0,4,55,1
1021,21,1222378,31649,156989,0,3,89,0
1022,73,913708,28132,62120,2,1,80,0
1023,42,748884,21789,133060,1,4,58,0
1024,20,1050538,19567,110041,1,3,83,0
1025,49,1225014,19868,128467,0,3,65,0
1026,20,1187471,29370,145328,1,4,69,0
1027,44,259182,47533,118490,1,1,51,0
1028,46,549307,35483,126155,0,3,22,0
1029,49,501454,57892,28230,1,4,88,0
1030,67,1388554,17466,59778,0,5,107,0
1031,68,1023346,33803,45833,2,5,109,0
1032,36,1096782,23230,22625,0,1,116,0
1033,38,970188,22862,32088,3,4,101,0
1034,22,458517,48355,172239,0,5,53,0
1035,35,1155154,36259,103937,1,4,100,0
1036,45,337084,38539,196375,1,3,36,0
1037,59,905475,26909,76361,1,1,68,0
1038,39,782004,35795,88229,0,5,36,0
1039,38,1080179,54068,135189,0,3,52,0
1040,23,948013,13770,90265,1,0,53,0
1041,18,891738,16093,97718,0,0,82,0
1042,22,1452078,51571,60710,0,1,50,0
1043,58,344539,5193,94876,1,5,80,0
1044,29,624226,39775,198126,0,5,41,1
1045,43,1370575,22569,30949,0,5,18,0
1046,63,1363369,56546,153619,0,4,22,0
1047,51,212289,16190,68136,0,3,66,0
1048,66,900336,47752,111541,1,5,21,0
1049,31,898956,37327,195691,1,3,100,0
1050,43,286365,47070,61842,2,1,44,0
1051,62,954950,25389,26990,3,5,103,0
1052,44,375211,45197,147265,0,1,47,0
1053,26,1428361,7261,30109,0,5,39,0
1054,43,1321164,57888,130356,0,0,29,0
1055,74,263646,33369,150305,0,2,54,0
1056,64,465798,31512,128133,2,1,90,0
1057,74,929532,11716,165582,0,5,85,0
1058,39,1123945,26259,1306,0,2,17,0
1059,64,1368311,33933,3849,0,1,80,0
1060,73,355683,46689,12360,1,4,60,0
1061,47,1106323,9378,111072,1,5,31,0
1062,60,832259,45583,94767,0,4,115,0
1063,65,736437,51546,176872,3,0,73,0
1064,34,766956,24835,168035,0,5,95,0
1065,43,1194170,34033,54330,0,0,78,0
1066,53,812492,29000,51707,2,2,49,0
1067,18,411830,50496,18689,0,1,101,0
1068,25,1445077,15332,29084,2,3,2,0
1069,66,365140,47604,40387,3,0,116,0
1070,52,1389083,7800,74816,1,3,48,0
1071,69,425160,34538,2642,1,3,110,0
1072,32,1431897,35119,42137,0,1,14,1
1073,64,761672,13333,186633,2,2,59,0
1074,73,721998,10410,62260,0,1,97,0
1075,39,806217,22839,146510,1,5,99,0
1076,31,275388,35519,48442,2,0,58,0
1077,43,755689,10808,103061,3,3,103,0
1078,45,718727,11796,134066,2,1,58,0
1079,40,432601,26180,125844,0,1,111,0
1080,31,1376410,59245,99575,3,1,51,0
1081,41,1282660,48056,1813,1,0,84,0
1082,19,305111,22709,93027,2,2,2,0
1083,62,629667,59128,123489,1,1,115,0
1084,43,362982,22543,84381,0,0,41,0
1085,31,498185,42418,55276,0,3,83,0
1086,73,434386,34075,41243,1,5,101,0
1087,68,1445129,42755,193984,1,4,82,0
1088,24,661792,52968,60272,0,0,16,0
1089,20,701174,42465,173123,1,4,4,0
1090,64,984625,35502,65618,0,1,12,0
1091,40,851844,21724,1920,2,1,29,0
1092,63,395246,8828,106121,0,0,7,0
1093,60,446242,56120,76872,0,4,14,0
1094,64,711083,22087,81132,0,1,119,0
1095,62,217633,17605,2093,0,3,12,0
1096,35,1212384,36337,12905,0,2,99,0
1097,55,1066964,10482,121759,0,2,5,0
1098,52,249104,32005,155423,0,1,81,0
1099,68,1159125,27760,30981,2,4,106,1
1100,32,1063663,55952,73903,2,5,32,0
1101,42,1316964,10463,70821,0,1,74,0
1102,72,1341154,51628,109200,3,5,43,0
1103,54,889115,9912,82289,0,5,81,0
1104,45,764678,9648,116506,1,4,69,0
1105,27,1340234,38623,78513,1,5,45,0
1106,56,257993,40634,150946,0,3,106,0
1107,74,405768,49602,182003,0,4,9,0
1108,34,1406861,54062,138746,0,1,49,0
1109,56,971148,54334,50516,0,3,33,0
1110,39,1222460,8112,191758,1,0,100,0
1111,43,993853,27054,69212,0,2,100,0
1112,61,942296,9492,133498,0,1,18,0
1113,42,742015,27207,130970,0,1,9,0
1114,34,1098850,20114,90009,0,1,62,0
1115,30,457681,39285,199570,0,3,57,0
1116,37,294018,21018,161015,0,0,29,0
1117,42,429104,26386,197467,2,4,114,0
1118,21,1042186,22740,44816,0,0,78,0
1119,27,393510,57781,4138,0,3,25,0
1120,20,1358423,57780,91176,1,1,15,0
1121,58,654162,49199,75945,0,2,6,0
1122,62,1024899,13210,4017,1,1,42,0
1123,35,1135129,49363,10451,1,4,29,0
1124,64,1324905,50639,194028,0,5,79,0
1125,53,1279583,17743,93863,0,2,93,0
1126,64,1208806,47092,10278,0,1,4,0
1127,39,894892,49299,43764,0,2,82,0
1128,51,1260899,11588,123030,0,5,114,0
1129,64,1097767,8311,132206,0,0,57,0
1130,25,1360932,27432,62943,0,3,49,0
1131,57,835232,38755,95667,0,1,44,0
1132,66,404451,8321,54318,1,4,103,0
1133,61,755655,20812,103423,1,0,80,0
1134,36,1303200,42383,103998,0,1,75,0
1135,59,603322,53280,60128,0,0,14,1
1136,58,1483141,18146,21869,2,4,3,0
1137,54,268008,18654,5039,1,1,115,0
1138,23,577539,57893,152353,2,5,114,0
1139,69,316492,40820,112935,0,5,62,0
1140,43,272240,5726,10442,1,4,106,0
1141,51,1186753,8760,73788,0,2,64,0
1142,73,925947,27190,119729,0,4,102,0
1143,62,472900,6875,27586,0,2,45,0
1144,23,661227,28377,53053,0,1,106,0
1145,54,335327,51737,181561,0,2,82,0
1146,74,849991,9033,86346,0,1,58,0
1147,50,1042981,43211,67087,1,1,20,0
1148,70,365575,22373,143697,2,3,58,1
1149,39,1243445,8744,34397,0,1,112,1
1150,38,693948,29995,58671,0,2,89,0
1151,23,429189,21977,116214,0,3,57,0
1152,23,598465,37402,66897,1,3,102,0
1153,72,451051,39542,157221,0,1,77,0
1154,65,1136705,15651,191102,3,4,68,0
1155,21,849829,38703,136355,0,4,119,0
1156,47,913936,18395,138682,0,5,78,0
1157,28,980641,34808,174398,1,3,97,0
1158,47,471830,41576,14924,2,1,92,0
1159,48,515507,21715,113143,0,4,52,0
1160,41,559687,49409,110253,0,1,37,0
1161,72,1424491,29306,100297,3,1,8,0
1162,26,654179,24086,869,0,3,44,0
1163,72,1230596,19376,97088,2,5,98,0
1164,20,242828,10889,1014,0,3,108,0
1165,68,1035036,42822,10103,1,0,5,0
1166,48,472670,41636,110317,1,4,118,0
1167,57,1274168,25584,164530,0,4,69,0
1168,54,491126,54353,82409,2,4,31,0
1169,53,986639,56649,23248,0,2,45,0
1170,41,1480617,39610,174588,0,1,9,0
1171,48,954296,15058,160133,1,3,106,0
1172,23,324982,14101,155242,0,4,32,0
1173,19,1317195,17497,8024,1,0,33,0
1174,37,508623,9658,85947,0,4,67,0
1175,45,1399751,16381,174875,0,5,30,0
1176,28,370963,45312,150368,0,1,114,0
1177,21,1390402,45486,91829,0,1,76,0
1178,32,1067869,51619,92708,0,3,29,0
1179,23,1347116,22154,86664,1,2,3,0
1180,71,1059414,24539,149329,2,3,90,0
1181,66,386994,16777,143927,2,4,57,0
1182,47,510375,39396,85178,0,5,30,0
1183,73,229301,35373,101121,0,0,9,0
1184,55,1471300,38154,20025,0,3,26,0
1185,68,1244327,11031,135530,0,2,2,0
1186,74,393783,32997,63610,0,3,62,0
1187,19,218752,11439,70843,0,1,3,0
1188,32,1215416,27785,107237,0,4,46,0
1189,28,937565,18392,180903,2,4,68,0
1190,25,868755,58160,174499,0,4,25,0
1191,43,417029,33669,130299,0,4,51,0
1192,68,1107669,33939,169578,0,4,13,0
1193,62,1304849,56618,5668,0,4,103,0
1194,61,1368544,7282,178267,2,0,44,0
1195,22,577844,39624,73233,0,2,35,0
1196,23,210699,53438,155489,0,4,55,0
1197,43,1444709,29364,81982,0,2,87,0
1198,71,734003,6998,106133,0,5,9,0
1199,21,1267745,36705,10751,0,4,2,0
1200,36,718652,43244,46218,2,3,61,0
